<?xml version="1.0" encoding="UTF-8"?>
<metadata xml:lang="en"><Esri><CreaDate>20180424</CreaDate><CreaTime>15101500</CreaTime><ArcGISFormat>1.0</ArcGISFormat><SyncOnce>TRUE</SyncOnce><DataProperties><lineage><Process ToolSource="c:\program files\arcgis\desktop10.3\ArcToolbox\Toolboxes\Data Management Tools.tbx\CalculateField" Date="20180410" Time="141713">CalculateField ADMIN_GAPANAPA PALIKA "Likhu Tamakoshi Gaunpalika" VB #</Process><Process ToolSource="c:\program files\arcgis\desktop10.3\ArcToolbox\Toolboxes\Data Management Tools.tbx\CalculateField" Date="20180410" Time="141742">CalculateField ADMIN_GAPANAPA GAPA_NAPA "Likhu Tamakoshi" VB #</Process><Process ToolSource="c:\program files\arcgis\desktop10.3\ArcToolbox\Toolboxes\Data Management Tools.tbx\CalculateField" Date="20180410" Time="141824">CalculateField ADMIN_GAPANAPA PALIKA "Rawa Besi Gaunpalikai" VB #</Process><Process ToolSource="c:\program files\arcgis\desktop10.3\ArcToolbox\Toolboxes\Data Management Tools.tbx\CalculateField" Date="20180410" Time="141839">CalculateField ADMIN_GAPANAPA GAPA_NAPA "Rawa Besii" VB #</Process><Process ToolSource="c:\program files\arcgis\desktop10.3\ArcToolbox\Toolboxes\Data Management Tools.tbx\CalculateField" Date="20180410" Time="141846">CalculateField ADMIN_GAPANAPA GAPA_NAPA "Rawa Besi" VB #</Process><Process ToolSource="c:\program files\arcgis\desktop10.3\ArcToolbox\Toolboxes\Data Management Tools.tbx\CalculateField" Date="20180410" Time="141904">CalculateField ADMIN_GAPANAPA PALIKA "Rawa Besi Gaunpalika" VB #</Process><Process ToolSource="c:\program files\arcgis\desktop10.3\ArcToolbox\Toolboxes\Data Management Tools.tbx\CalculateField" Date="20180410" Time="142802">CalculateField ADMIN_GAPANAPA PALIKA "Saa Paal Gaunpalika" VB #</Process><Process ToolSource="c:\program files\arcgis\desktop10.3\ArcToolbox\Toolboxes\Data Management Tools.tbx\CalculateField" Date="20180410" Time="142814">CalculateField ADMIN_GAPANAPA GAPA_NAPA "Saa Paal" VB #</Process><Process ToolSource="c:\program files\arcgis\desktop10.3\ArcToolbox\Toolboxes\Data Management Tools.tbx\CalculateField" Date="20180417" Time="132612">CalculateField ADMIN_GAPANAPA DISTRICT "PARSA" VB #</Process><Process ToolSource="c:\program files\arcgis\desktop10.3\ArcToolbox\Toolboxes\Data Management Tools.tbx\CalculateField" Date="20180417" Time="132956">CalculateField ADMIN_GAPANAPA PALIKA "Lumbini Sanskritik Development Area" VB #</Process><Process ToolSource="c:\program files\arcgis\desktop10.3\ArcToolbox\Toolboxes\Data Management Tools.tbx\CalculateField" Date="20180417" Time="133053">CalculateField ADMIN_GAPANAPA PALIKA "Dhorpatan Hunting Reserve" VB #</Process><Process ToolSource="c:\program files\arcgis\desktop10.3\ArcToolbox\Toolboxes\Data Management Tools.tbx\CalculateField" Date="20180417" Time="133125">CalculateField ADMIN_GAPANAPA PALIKA "Bardiya National Park" VB #</Process><Process ToolSource="c:\program files\arcgis\desktop10.3\ArcToolbox\Toolboxes\Data Management Tools.tbx\CalculateField" Date="20180417" Time="133857">CalculateField ADMIN_GAPANAPA PALIKA "Chitawan National Park" VB #</Process><Process ToolSource="c:\program files\arcgis\desktop10.3\ArcToolbox\Toolboxes\Data Management Tools.tbx\CalculateField" Date="20180417" Time="133957">CalculateField ADMIN_GAPANAPA PALIKA "Khaptad National Park" VB #</Process><Process ToolSource="c:\program files\arcgis\desktop10.3\ArcToolbox\Toolboxes\Data Management Tools.tbx\CalculateField" Date="20180417" Time="134043">CalculateField ADMIN_GAPANAPA PALIKA "Langtang National Park" VB #</Process><Process ToolSource="c:\program files\arcgis\desktop10.3\ArcToolbox\Toolboxes\Data Management Tools.tbx\CalculateField" Date="20180417" Time="134222">CalculateField ADMIN_GAPANAPA PALIKA "Shuklaphanta National Park" VB #</Process><Process ToolSource="c:\program files\arcgis\desktop10.3\ArcToolbox\Toolboxes\Data Management Tools.tbx\CalculateField" Date="20180417" Time="134312">CalculateField ADMIN_GAPANAPA PALIKA "Shivapuri Watershed and Wildlife Reserve" VB #</Process><Process ToolSource="c:\program files\arcgis\desktop10.3\ArcToolbox\Toolboxes\Data Management Tools.tbx\CalculateField" Date="20180417" Time="134344">CalculateField ADMIN_GAPANAPA PALIKA "Koshi Tappu Wildlife Reserve" VB #</Process><Process ToolSource="c:\program files\arcgis\desktop10.3\ArcToolbox\Toolboxes\Data Management Tools.tbx\CalculateField" Date="20180417" Time="134422">CalculateField ADMIN_GAPANAPA PALIKA "Parsa Wildlife Reserve" VB #</Process><Process ToolSource="c:\program files (x86)\arcgis\desktop10.5\ArcToolbox\Toolboxes\Data Management Tools.tbx\DefineProjection" Date="20190530" Time="162734">DefineProjection ADMIN_GAPANAPA GEOGCS['GCS_WGS_1984',DATUM['D_WGS_1984',SPHEROID['WGS_1984',6378137.0,298.257223563]],PRIMEM['Greenwich',0.0],UNIT['Degree',0.0174532925199433]]</Process></lineage><itemProps><itemLocation><linkage Sync="TRUE">file://\\DELL-PC\D$\ADMIN_NEPAL\ADMIN.gdb</linkage><protocol Sync="TRUE">Local Area Network</protocol></itemLocation></itemProps></DataProperties></Esri></metadata>
